{
  "samples": 2,
  "average_seconds": 3.9309016249972046,
  "best_seconds": 2.301508416989236,
  "worst_seconds": 5.560294833005173,
  "stdev_seconds": 1.6293932080079685
}